cluster_id	snr
0	27.321539
1	24.203907
2	24.146858
3	26.732096
4	9.582793
5	13.2250805
6	8.272636
7	8.7865925
8	11.034074
9	8.323404
