cluster_id	amplitude_median
0	307.19904
1	274.44498
2	270.2046
3	312.54572
4	107.95328
5	151.83319
6	91.358444
7	103.49158
8	128.25232
9	98.20729
