cluster_id	amplitude_cutoff
0	0.20071658101506698
1	0.5
2	0.5
3	0.5
4	0.20723140145828295
5	0.20483750082860508
6	0.5
7	0.5
8	0.5
9	0.2034145770041726
